{
  "schema_version": "1.0",
  "contract": "BC-IDPR-P3-B-M6",
  "status": "RECOUPLING_JACOBIAN_FACTORIZATION_CERTIFIED_SCALAR_NORMALIZATION_INSUFFICIENT",
  "domain": {"interval": ["pi/15", "pi/10"], "anchor": "pi/12", "sample_count": 65, "finite_difference_step": 1e-6},
  "atlas": {
    "A_M5": {"external_spins_doubled": [1,2,4,5], "channels_e_doubled": [1,3], "channels_f_doubled": [4,6], "delta_casimir_e": 3.0, "delta_casimir_f": 6.0, "anchor_angular_speed_abs": 1.0359946068530619, "anchor_gap_sqrt_normalized": 0.24418627059283046, "anchor_gap_product_normalized": 0.05755525593628122, "maximum_orthogonality_residual": 3.1620653954071063e-16, "maximum_generator_skew_residual": 1.8719123694080216e-10, "maximum_operator_factorization_relative_residual": 1.573878376574641e-10, "normalized_speed_range": [0.6644443873810971,1.5735451573563184]},
    "B_PILOT03R": {"external_spins_doubled": [1,1,2,2], "channels_e_doubled": [0,2], "channels_f_doubled": [1,3], "delta_casimir_e": 2.0, "delta_casimir_f": 3.0, "anchor_angular_speed_abs": 0.27811916364368877, "anchor_gap_sqrt_normalized": 0.11354167310277531, "anchor_gap_product_normalized": 0.046353193940614795, "maximum_orthogonality_residual": 3.150380190250762e-16, "maximum_generator_skew_residual": 2.2371943664631234e-10, "maximum_operator_factorization_relative_residual": 1.7657968176454483e-10, "normalized_speed_range": [0.7654071709735801,1.269254364945475]},
    "C_MINIMAL": {"external_spins_doubled": [1,1,1,1], "channels_e_doubled": [0,2], "channels_f_doubled": [0,2], "delta_casimir_e": 2.0, "delta_casimir_f": 2.0, "anchor_angular_speed_abs": 0.1621093508441874, "anchor_gap_sqrt_normalized": 0.0810546754220937, "anchor_gap_product_normalized": 0.04052733771104685, "maximum_orthogonality_residual": 3.164250976165917e-16, "maximum_generator_skew_residual": 1.8434432065226494e-10, "maximum_operator_factorization_relative_residual": 1.8784748913675135e-10, "normalized_speed_range": [0.779823937568952,1.2387404848133508]},
    "D_BALANCED": {"external_spins_doubled": [1,3,3,3], "channels_e_doubled": [2,4], "channels_f_doubled": [2,4], "delta_casimir_e": 4.0, "delta_casimir_f": 4.0, "anchor_angular_speed_abs": 0.8164965809680687, "anchor_gap_sqrt_normalized": 0.20412414524201716, "anchor_gap_product_normalized": 0.05103103631050429, "maximum_orthogonality_residual": 3.15063013477217e-16, "maximum_generator_skew_residual": 1.5702514263488824e-10, "maximum_operator_factorization_relative_residual": 9.532724281706035e-11, "normalized_speed_range": [0.7132015030192125,1.3990809580667345]},
    "E_ASYMMETRIC": {"external_spins_doubled": [1,2,3,4], "channels_e_doubled": [1,3], "channels_f_doubled": [3,5], "delta_casimir_e": 3.0, "delta_casimir_f": 5.0, "anchor_angular_speed_abs": 0.723672614892047, "anchor_gap_sqrt_normalized": 0.18685146570555144, "anchor_gap_product_normalized": 0.048244840992803135, "maximum_orthogonality_residual": 3.159337458244676e-16, "maximum_generator_skew_residual": 1.839798642247815e-10, "maximum_operator_factorization_relative_residual": 1.265495942575069e-10, "normalized_speed_range": [0.7059627191350458,1.4220318586276128]}
  },
  "exact_structure": {"generator": "K(theta)=F'(theta)F(theta)^T", "two_channel_form": "K=[[0,-omega],[omega,0]] up to numerical residual", "operator_identity": "||d_theta(F D F^T)||_HS=sqrt(2)*|d2-d1|*|omega|", "factorization_gate": "PASSED"},
  "scalar_normalization_audit": {"raw_anchor_speed_cv": 0.5485453421067675, "sqrt_gap_normalized_cv": 0.36123861918335154, "product_gap_normalized_cv": 0.11472393219168048, "collapse_threshold_cv": 0.10, "best_candidate": "product_gap", "passed": false},
  "anchor_normalized_shape_audit": {"definition": "rho_C(theta)=|omega_C(theta)|/|omega_C(theta0)|", "maximum_pairwise_abs_difference": 0.33480467254296764, "maximum_pairwise_rms_difference": 0.1342243888094391, "collapse_threshold_max_abs": 0.10, "passed": false},
  "gates": {"representation_jacobian_factorization": "CLOSED", "casimir_gap_only_normalization": "REJECTED_ON_DECLARED_ATLAS", "anchor_scale_only_shape_transfer": "REJECTED_ON_DECLARED_ATLAS", "new_cross_carrier_pilot": "BLOCKED_PENDING_RICHER_REPRESENTATION_MAP"},
  "tests": {"count": 10, "result": "OK"},
  "claim_status": "TWO_CHANNEL_OPERATOR_RESPONSE_FACTORIZES_THROUGH_CHANNEL_GAP_AND_RECOUPLING_SPEED_BUT_SIMPLE_SCALAR_NORMALIZATIONS_DO_NOT_REMOVE_CARRIER_DEPENDENCE",
  "evidence_rule": "No statement from the Gemini advisory report is used as evidence."
}
